,train_acc,train_loss,train_miou,train_class_acc,val_acc,val_loss,val_miou,val_class_acc
0,0.6939584936414955,0.37869816859563193,0.5899977974211327,[0.69395849 0.97233939],0.6954228250571252,0.3783399860064189,0.612771566311855,[0.69542283 0.97556366]
1,0.7475958061511688,0.36682024439175925,0.6441632315557865,[0.74759581 0.97513299],0.7109777685614183,0.3724639376004537,0.639126348106657,[0.71097777 0.97947642]
2,0.7785161291124496,0.361365424990654,0.6770480980501553,[0.77851613 0.97666666],0.7746974888546739,0.36998379429181416,0.668220113646509,[0.77469749 0.97092432]
3,0.7975298795806257,0.3578321995337804,0.6987003582609916,[0.79752988 0.97797852],0.7672916552730703,0.36876631776491803,0.6707549702094286,[0.76729166 0.97380448]
4,0.8143584903220047,0.35440441568692527,0.7191476464565553,[0.81435849 0.97928148],0.7700249433023126,0.36571351091066995,0.6842785998842403,[0.77002494 0.97714   ]
5,0.8270958534263917,0.35215600113073986,0.7332455742010782,[0.82709585 0.98009819],0.858034262587373,0.36534156600634254,0.7076409540403296,[0.85803426 0.96113015]
6,0.8344533189568448,0.3508934509754181,0.7420920946548599,[0.83445332 0.98046794],0.7636328885593046,0.3619467238585154,0.6978973857847066,[0.76363289 0.98294824]
7,0.8460758230480804,0.3483853242794673,0.7570627558243455,[0.84607582 0.98159397],0.837212896383719,0.3612621823946635,0.7189438662642224,[0.8372129  0.97009274]
8,0.8538679310678045,0.34725720415512723,0.7646243693421754,[0.85386793 0.98173154],0.7373049511800828,0.3636232833067576,0.6845981527360129,[0.73730495 0.98608974]
9,0.8632649176498371,0.34522509028514226,0.777616799600848,[0.86326492 0.98271411],0.8680883472106454,0.3575802524884542,0.741667572713092,[0.86808835 0.96912453]
10,0.8713058815284727,0.3436605872710546,0.7876135387396199,[0.87130588 0.98332407],0.8184642914380437,0.3574118177096049,0.7333767875047355,[0.81846429 0.97866254]
11,0.8804757853559774,0.34167505860328673,0.8002091939677696,[0.88047579 0.98425576],0.8044668869489626,0.35597978830337523,0.73627695908771,[0.80446689 0.98318227]
12,0.8791742969398805,0.3421105364958445,0.79745747572102,[0.8791743  0.98387165],0.8469018234497432,0.3530539850393931,0.7582402296762216,[0.84690182 0.97882571]
13,0.8825395914221826,0.3413487262527148,0.8024250592402296,[0.88253959 0.98436891],0.8165830531597404,0.35368680755297344,0.7486461961241877,[0.81658305 0.9833748 ]
14,0.8873462576792639,0.34043116480112073,0.808546512488892,[0.88734626 0.98465076],0.8298744403503325,0.3527766664822896,0.7568799513642475,[0.82987444 0.98243925]
15,0.8906200127661216,0.33969339142243066,0.8132836504186087,[0.89062001 0.985027  ],0.8245212274468486,0.3561297039190928,0.7390961216817408,[0.82452123 0.97901954]
16,0.8871416820828139,0.3404123419523239,0.8085016686417775,[0.88714168 0.98472267],0.8423938081019601,0.35052804549535116,0.76984528143248,[0.84239381 0.98276873]
17,0.9018738264230357,0.3371844150622686,0.8292849587295181,[0.90187383 0.98624723],0.8290552395027794,0.3505054275194804,0.7676905256718,[0.82905524 0.98533237]
18,0.9068922506675705,0.33602737009525296,0.8368921891109605,[0.90689225 0.98688533],0.8768612973088071,0.3475647350152334,0.790392868630507,[0.8768613  0.97997612]
19,0.9043595233789311,0.3367371052503586,0.8327180467212354,[0.90435952 0.98649268],0.8571349310471661,0.35166526039441426,0.7676835410414492,[0.85713493 0.97881307]
20,0.9059866138817823,0.3365030131737391,0.834118738667534,[0.90598661 0.98646954],0.8627221448329662,0.34728410641352336,0.7883085062759163,[0.86272214 0.98283593]
21,0.9160479977480595,0.33412215958038965,0.8498332375596149,[0.916048   0.98779075],0.8564286659119549,0.34676893750826515,0.7910868102938644,[0.85642867 0.98487607]
22,0.9161763301278288,0.33404128164052965,0.8503647264375596,[0.91617633 0.9878535 ],0.8789778450946032,0.3478398819764455,0.7891106365429387,[0.87897785 0.97934456]
23,0.9125478233086196,0.33494985083738965,0.84452079204976,[0.91254782 0.98732409],0.8817827223826381,0.37098199923833214,0.6941966749976889,[0.88178272 0.94992001]
24,0.8964397952261262,0.3384016979734103,0.8218231966261469,[0.8964398  0.98562551],0.8458432482750194,0.3480580270290375,0.7823481229243467,[0.84584325 0.98526187]
25,0.9171864898574306,0.3338377390305201,0.8517928511519952,[0.91718649 0.98792059],0.8663177131851251,0.34576298197110494,0.7974228606603277,[0.86631771 0.98428458]
26,0.9229217503992402,0.3324905093510946,0.860794271414861,[0.92292175 0.98867246],0.8802960845364233,0.34723575512568156,0.7926902675260538,[0.88029608 0.97972328]
27,0.9211516467099942,0.332841529349486,0.8583338465944172,[0.92115165 0.98851039],0.8847699292482296,0.34424718618392947,0.8090304286702383,[0.88476993 0.98291796]
28,0.9289610459620569,0.3310659247636795,0.8702813255366048,[0.92896105 0.98942275],0.8906697632119592,0.343294354279836,0.8137548400456088,[0.89066976 0.98284879]
29,0.9287313311016951,0.33107336749633154,0.8702536512918482,[0.92873133 0.9894541 ],0.8821224080818979,0.34489685893058775,0.8057025075845778,[0.88212241 0.98255923]
30,0.9038928502235631,0.33651340504487354,0.8347267779213634,[0.90389285 0.98686952],0.8975959285224782,0.3516582906246185,0.775309697178336,[0.89759593 0.97114218]
31,0.9101595193781449,0.3353743876020114,0.8414006129096511,[0.91015952 0.98716844],0.9030110550491515,0.3442243675390879,0.8121182831956272,[0.90301106 0.97942618]
32,0.926771820629279,0.33157407015562057,0.8669165659988121,[0.92677182 0.98917737],0.8976480718570241,0.34507818619410197,0.8061395416870824,[0.89764807 0.97931055]
33,0.9310003913078646,0.33065601855516435,0.8730644314177046,[0.93100039 0.98960491],0.8933993709074135,0.34262598554293316,0.8179593906750428,[0.89339937 0.98317683]
34,0.9347493286467685,0.3297203497091929,0.8795537615939905,[0.93474933 0.99016702],0.9009758663174465,0.3418738087018331,0.8229034002499467,[0.90097587 0.9826711 ]
35,0.9364370618694967,0.3292749763528506,0.8826325666229167,[0.93643706 0.99043471],0.9003212305629444,0.3414741516113281,0.8253403638221782,[0.90032123 0.98349704]
36,0.93303530899789,0.3301071471969287,0.8769671726252225,[0.93303531 0.9899655 ],0.88103018554049,0.34440227746963503,0.808073793640596,[0.88103019 0.98317531]
37,0.9067557380397336,0.3358688111106555,0.8387643743062925,[0.90675574 0.98715233],0.8487135857899132,0.3467326323191325,0.7892140342462389,[0.84871359 0.98622947]
38,0.9206706888448455,0.3330715290705363,0.8567837069932044,[0.92067069 0.9883138 ],0.8950700132211719,0.34333129127820333,0.814629396033406,[0.89507001 0.98196163]
39,0.9343846930523311,0.329709424773852,0.8794201516410318,[0.93438469 0.99020115],0.8944049056231677,0.34139138261477153,0.8249676435961596,[0.89440491 0.9846076 ]
40,0.9388699016938877,0.32867943743864697,0.886695567199385,[0.9388699 0.9907704],0.9000153850804365,0.34142831762631737,0.8245927424364151,[0.90001539 0.98336622]
41,0.9404401214675325,0.32831000397602716,0.8892015515718484,[0.94044012 0.99096342],0.8960948127786798,0.34119250774383547,0.8254506260368519,[0.89609481 0.98438343]
42,0.9416822071050424,0.32798838992913565,0.8913067467702676,[0.94168221 0.99115137],0.904929601754376,0.340859846274058,0.8294110541546416,[0.9049296  0.98338466]
43,0.9394329476850989,0.32848576496044796,0.8880918961906228,[0.93943295 0.99093232],0.8453449655335431,0.3492068250974019,0.7781707260102468,[0.84534497 0.98419124]
44,0.8970502737949746,0.3381035428245862,0.8240757312196003,[0.89705027 0.98597378],0.8727238548422983,0.3444629192352295,0.8057333772091462,[0.87272385 0.98467702]
45,0.9298044211205199,0.3308480071028074,0.8717444277473582,[0.92980442 0.98954765],0.8742475097900095,0.3426285783449809,0.8149550731617408,[0.87424751 0.98670144]
46,0.9368868248360908,0.3291275557875633,0.8835489375546683,[0.93688682 0.9905373 ],0.8860627634519049,0.3417214016119639,0.8212479987754053,[0.88606276 0.98558352]
47,0.9417845124413983,0.327981261909008,0.8914919412145595,[0.94178451 0.99116239],0.9027030809386356,0.34063653548558553,0.8303875068444445,[0.90270308 0.98420566]
48,0.9425208611347625,0.3278027735153834,0.8926553343075759,[0.94252086 0.99125158],0.9013040282418261,0.3405235528945923,0.8290378666073515,[0.90130403 0.98418791]
49,0.9448031509468044,0.3272715292374293,0.8964766657492178,[0.94480315 0.99154418],0.8865045701027169,0.34088568290074667,0.8256549419592314,[0.88650457 0.98657278]
50,0.9466873036686737,0.3267693816622098,0.8999159069222337,[0.9466873  0.99185134],0.9003329161710774,0.3402973333994547,0.8315417688276391,[0.90033292 0.9849128 ]
51,0.9477844443165979,0.3265125343203545,0.9017547976806296,[0.94778444 0.99199735],0.903785888848311,0.340267413854599,0.8326542347124126,[0.90378589 0.9843417 ]
52,0.9484736137212938,0.3263474403818448,0.9029485794875878,[0.94847361 0.99209672],0.90518743189281,0.34030219713846843,0.833021418974583,[0.90518743 0.98414411]
53,0.9491614416324675,0.32619080126285555,0.9040924278223114,[0.94916144 0.99217599],0.9058520859500345,0.3403408189614614,0.8322169775609422,[0.90585209 0.98375635]
54,0.9495947353076594,0.3260848162571589,0.9048080289635173,[0.94959474 0.99223932],0.8963367674442283,0.3407356897989909,0.8286822113697202,[0.89633677 0.98511839]
55,0.950082614182811,0.3259961191813151,0.9054923579594021,[0.95008261 0.99227935],0.9022114671629947,0.34059493740399677,0.8309728937542545,[0.90221147 0.98427036]
56,0.950066222246183,0.32598287999629977,0.9055222555629702,[0.95006622 0.99228661],0.8963336756707881,0.34053361813227334,0.8303603703030913,[0.89633368 0.9855528 ]
57,0.9509216456500156,0.3257481262087822,0.9071261656142688,[0.95092165 0.99243665],0.905916222442152,0.3404725770155589,0.8323810904345862,[0.90591622 0.98381381]
58,0.9515208768660189,0.3256149007876714,0.9080961816137142,[0.95152088 0.99250624],0.9039343345837455,0.3403344730536143,0.8317943151357134,[0.90393433 0.98420045]
59,0.951280098667934,0.3256579547127088,0.9077334462235871,[0.9512801 0.9924857],0.9010515135269072,0.34034764766693115,0.8308993882062018,[0.90105151 0.98463849]
60,0.9515974490548174,0.32557946562767026,0.9083282577355046,[0.95159745 0.99253805],0.8926945151438275,0.34078333775202435,0.8282897854654357,[0.89269452 0.98572085]
61,0.9530644278639729,0.32522476424773533,0.9109841505561089,[0.95306443 0.99275261],0.8942306304390953,0.34094561338424684,0.8282828178651964,[0.89423063 0.98552628]
62,0.9537580472185323,0.3250628818074862,0.9120530041982645,[0.95375805 0.99283181],0.9054531076103546,0.3404165724913279,0.8318692693147546,[0.90545311 0.98398752]
63,0.9541674224686616,0.3249545462926229,0.9128298258563278,[0.95416742 0.9929084 ],0.9035528731837782,0.3404000798861186,0.8320312226281629,[0.90355287 0.98428404]
64,0.9549075687132351,0.3247835444410642,0.9140509646078065,[0.95490757 0.99299569],0.899949162446861,0.3403686841328939,0.8313515658377333,[0.89994916 0.98511315]
65,0.955243260335101,0.32468616505463915,0.9147705489199349,[0.95524326 0.99306678],0.9066032375621299,0.34038008252779645,0.8334054321809989,[0.90660324 0.98388661]
66,0.9557745879936346,0.32457862198352816,0.9156275915029735,[0.95577459 0.9931214 ],0.8899661346188963,0.3408544460932414,0.8276228997487741,[0.88996613 0.98628574]
67,0.9560683846622914,0.3244829917947451,0.9162029341050961,[0.95606838 0.99318813],0.8998528375089099,0.3405420164267222,0.8306496958464692,[0.89985284 0.98484999]
68,0.9572917313080808,0.3242030629515648,0.9183016347594175,[0.95729173 0.99335345],0.9027735126675223,0.3405611336231232,0.8316272123947871,[0.90277351 0.98428944]
69,0.9573356867426986,0.3241786320010821,0.9184612532370369,[0.95733569 0.99335952],0.8889170652274095,0.3428565224011739,0.8183286279559192,[0.88891707 0.98430422]
70,0.955435557728795,0.3246452509363492,0.9150184956050081,[0.95543556 0.99307889],0.9025651625633985,0.3411114811897278,0.8283560004139109,[0.90256516 0.98368468]
71,0.9585316263758472,0.32387937198082606,0.9206047115369649,[0.95853163 0.99354723],0.9000408830253364,0.3411458055178324,0.8280315493334264,[0.90004088 0.98409055]
72,0.9594495394024337,0.3236633587876956,0.922231115620632,[0.95944954 0.99367924],0.8954279487466424,0.34119513432184856,0.8271222005954748,[0.89542795 0.98519293]
73,0.9594879625174482,0.32365451792875927,0.9222072272279358,[0.95948796 0.99367499],0.8963178754556111,0.3411627988020579,0.8272212756399431,[0.89631788 0.98486616]
74,0.9604494589751941,0.3234021375576655,0.9240454877275,[0.96044946 0.99383479],0.8945274981564723,0.3412023921807607,0.8267187285975662,[0.8945275  0.98507702]
75,0.9614072513994739,0.3231834951043129,0.9256980463116252,[0.96140725 0.99395812],0.8929567012102273,0.3418986399968465,0.8245114022759898,[0.8929567  0.98479309]
76,0.9619339222610159,0.3230415654182434,0.9267024056178692,[0.96193392 0.99405053],0.8996705163357728,0.34144510825475055,0.8258951224744103,[0.89967052 0.98372843]
77,0.9625405138924106,0.3228959901134173,0.9278061959535457,[0.96254051 0.99413637],0.9003701110458889,0.34162585536638895,0.8253811011312897,[0.90037011 0.98358723]
78,0.962648639785558,0.32285337189833324,0.9280723664441124,[0.96264864 0.99416073],0.894643254954376,0.34185132185618083,0.8239129953121591,[0.89464325 0.9846006 ]
79,0.963179908035275,0.3227374332149823,0.9289788208015106,[0.96317991 0.99423334],0.8983140186920991,0.34146697918574015,0.8257806053024065,[0.89831402 0.98405805]
80,0.9635473677405776,0.3226257784167926,0.9296792592529877,[0.96354737 0.99430548],0.9020776833815893,0.34126247962315875,0.8284487861293405,[0.90207768 0.98372741]
81,0.9644195247229977,0.3224205339948336,0.9312701976957601,[0.96441952 0.99442949],0.900182590252451,0.34143617153167727,0.8273173579457346,[0.90018259 0.98383259]
82,0.9644030558185144,0.32240525593360264,0.9313500003477634,[0.96440306 0.99444068],0.8984402172792068,0.3420769254366557,0.824067156122246,[0.89844022 0.98348858]
83,0.9653657280186603,0.3221866989135742,0.9329735872688878,[0.96536573 0.99456829],0.903937605729222,0.34139596025149027,0.8284326907253264,[0.90393761 0.98329595]
84,0.9659603260672608,0.32202953279018404,0.9341684601624469,[0.96596033 0.99467299],0.8976319631572086,0.34185056885083515,0.8247619522101898,[0.89763196 0.98408038]
85,0.9662547355819526,0.32195307850837707,0.9346561645822089,[0.96625474 0.9947114 ],0.8912068697531063,0.34175678292910255,0.8239291215755077,[0.89120687 0.98503881]
86,0.9665827939303879,0.3218559911847115,0.9353762234373255,[0.96658279 0.99477894],0.8957723155605206,0.34183778961499534,0.8244048020105972,[0.89577232 0.98420624]
87,0.9672703294446137,0.32168701002995176,0.93658917932593,[0.96727033 0.99487882],0.8950981565863234,0.34212445219357807,0.8228781703474479,[0.89509816 0.98416058]
88,0.966383012486537,0.3219191070397695,0.9349518420793523,[0.96638301 0.99473661],0.8929533810748065,0.34228305021921795,0.8222245804866101,[0.89295338 0.98416595]
89,0.9666941773452881,0.3218297862013181,0.9356083796487983,[0.96669418 0.99479631],0.8950773770711391,0.34213083585103354,0.8223960231347809,[0.89507738 0.9840533 ]
90,0.9685393087478641,0.32135758966207506,0.939023350880113,[0.96853931 0.9950877 ],0.8937153041382834,0.34191492597262063,0.8236231261514699,[0.8937153  0.98448557]
91,0.9693174341208658,0.3211586446563403,0.940569724945762,[0.96931743 0.99521575],0.8965657023502369,0.34188560048739114,0.8243020526148223,[0.8965657 0.984062 ]
92,0.9696534454547655,0.3210700591405233,0.9412132856209382,[0.96965345 0.99527149],0.8932733542079372,0.34196334282557167,0.8235419530769742,[0.89327335 0.98462683]
93,0.9697968008811775,0.3210431796312332,0.9414747662561886,[0.9697968  0.99528759],0.8990439340965329,0.3421205818653107,0.8236942285330151,[0.89904393 0.98339462]
94,0.9700440025594684,0.320966583887736,0.9419324206597067,[0.970044   0.99533332],0.893282364163315,0.3423770844936371,0.8212880124031591,[0.89328236 0.9840742 ]
95,0.970439399749528,0.3208789751927058,0.9426292551557515,[0.9704394  0.99538381],0.8952426136138947,0.3422509531180064,0.8226020462305944,[0.89524261 0.98401844]
96,0.9705500959310142,0.3208424497644107,0.9429279764519892,[0.9705501  0.99541309],0.8954472049482618,0.34222886761029564,0.8233396819383996,[0.8954472  0.98408976]
97,0.9708577197268619,0.3207798316081365,0.9433707215927162,[0.97085772 0.99544332],0.8971770721202504,0.3423801640669505,0.8228915374100836,[0.89717707 0.98342016]
98,0.9713255713134447,0.3206479904055595,0.9443539013737402,[0.97132557 0.99552933],0.9008915092310963,0.3423747718334198,0.8220431405567833,[0.90089151 0.98260612]
99,0.9719061881509314,0.32050090432167055,0.9454293338117852,[0.97190619 0.99561904],0.8989634597602425,0.34209792613983153,0.8236219515573604,[0.89896346 0.98349517]
100,0.9733136232699596,0.3201454218228658,0.948145689800351,[0.97331362 0.99584773],0.8958101647228928,0.34258265097935997,0.823159287575276,[0.89581016 0.98379651]
101,0.9746669995634867,0.31981878211100895,0.9507580845691539,[0.974667   0.99606054],0.8982720809505452,0.34248461524645485,0.8222428998381477,[0.89827208 0.98318604]
102,0.9751931171979552,0.3196816431482633,0.9517733860028417,[0.97519312 0.99615003],0.8922466785521438,0.342583421866099,0.8211680601262993,[0.89224668 0.98423272]
103,0.9754781953033872,0.3196115943789482,0.9523480446993915,[0.9754782  0.99619981],0.897550076790491,0.3425271193186442,0.8224600770487207,[0.89755008 0.98338854]
104,0.9756309719649825,0.31957081238428753,0.9526259730600121,[0.97563097 0.99622503],0.8925196630673178,0.3427945375442505,0.8206307933655802,[0.89251966 0.98392624]
105,0.9757655677708166,0.31953441381454467,0.9529107972689843,[0.97576557 0.99624663],0.895705318557403,0.3427377502123515,0.8222314812893515,[0.89570532 0.98351037]
106,0.9759428979047836,0.31948790470759075,0.953243859559396,[0.9759429  0.99627688],0.8982945515773454,0.3427504201730092,0.8224081210041817,[0.89829455 0.98326009]
107,0.9761968859251228,0.3194307872653008,0.9537063618923236,[0.97619689 0.99631126],0.8892952666862832,0.3431344568729401,0.8181096491996583,[0.88929527 0.98412737]
108,0.9764015738170967,0.31937862167755765,0.9541166130165398,[0.97640157 0.9963448 ],0.8944531064863077,0.3429073870182037,0.8200327728643809,[0.89445311 0.98342837]
109,0.976593095571381,0.31932689309120177,0.9544972617373403,[0.9765931  0.99637905],0.8956923830299769,0.3429196874300639,0.8209881969604454,[0.89569238 0.98334859]
110,0.9766385988328741,0.31930370777845385,0.9546202642748316,[0.9766386  0.99639287],0.8954724069754073,0.3429124434789022,0.8194449002051188,[0.89547241 0.98309894]
111,0.9769595116347702,0.31923216839631396,0.9552143909779169,[0.97695951 0.99643872],0.893127304288501,0.34310001134872437,0.8192184901406214,[0.8931273  0.98357639]
112,0.9772392430786321,0.31916035324335096,0.9557428503111324,[0.97723924 0.99648331],0.8956242666348759,0.3430339515209198,0.8203903428489717,[0.89562427 0.98327482]
113,0.9774060162917964,0.31911458720763525,0.956075204270102,[0.97740602 0.99651106],0.8958018405130981,0.34306883414586387,0.8203227285076384,[0.89580184 0.98315964]
114,0.9776354080762502,0.3190619012713432,0.9565057953692225,[0.97763541 0.99654484],0.8940840356276388,0.3430462340513865,0.8206416188245846,[0.89408404 0.98372098]
115,0.9777485538469216,0.3190252371629079,0.9567608349291237,[0.97774855 0.99656945],0.8933243558751838,0.34317618012428286,0.8189247690607117,[0.89332436 0.98332315]
116,0.9779266975036596,0.3189828872680664,0.9570655161101456,[0.9779267  0.99659295],0.8952429854042232,0.3431697944800059,0.819929078442002,[0.89524299 0.98319766]
117,0.9781101057962032,0.3189426197608312,0.957422913159423,[0.97811011 0.99662026],0.8939411480410174,0.34333882133165994,0.8191515790353578,[0.89394115 0.98316612]
118,0.9782661019229755,0.3189068148533503,0.9576879829402277,[0.9782661 0.9966417],0.8916806678005597,0.3435103178024292,0.8165098821934511,[0.89168067 0.98333925]
119,0.9783092831325245,0.3188856143752734,0.9577989850157977,[0.97830928 0.9966517 ],0.8924140273132417,0.34323977629343666,0.8188302226503893,[0.89241403 0.98348953]
120,0.9784928458707064,0.31884169807036716,0.9581678267482674,[0.97849285 0.99667981],0.8933620801436922,0.34331127802530925,0.81856040471512,[0.89336208 0.98331598]
121,0.9786291542287635,0.3188011371095975,0.9584333496859778,[0.97862915 0.99670712],0.8926877497981166,0.34326069156328837,0.8184785016439323,[0.89268775 0.98345222]
122,0.9788683416153703,0.31875169614950816,0.9588465419236616,[0.97886834 0.99673476],0.8970190709708465,0.34329968094825747,0.8194953171244054,[0.89701907 0.98277794]
123,0.9790897360019511,0.31869556903839114,0.9592764657944642,[0.97908974 0.99677245],0.8963550076803773,0.3434044281641642,0.8186216577206079,[0.89635501 0.98263873]
124,0.9792102064436317,0.3186652551094691,0.9595043133079074,[0.97921021 0.99678915],0.8940489563556143,0.3435368001461029,0.8177394523915401,[0.89404896 0.98306385]
125,0.979267137838588,0.318644933005174,0.9596432045992951,[0.97926714 0.99680235],0.8959995295267328,0.3434483289718628,0.8179554540792857,[0.89599953 0.98263268]
126,0.9794020267598518,0.3186069733897845,0.9599251784184478,[0.97940203 0.9968283 ],0.8953020822221,0.3436799287796021,0.8182711562758821,[0.89530208 0.98273043]
127,0.9795171268448964,0.3185784533619881,0.9601195426624094,[0.97951713 0.9968441 ],0.8940045987420656,0.3436533987522125,0.8165608265763263,[0.8940046  0.98289002]
128,0.9796500488796501,0.31855445077021916,0.9603332876911314,[0.97965005 0.99685633],0.8930896743389151,0.3434135735034943,0.8182891812808774,[0.89308967 0.9832487 ]
129,0.9797436099273323,0.31853008886178336,0.9605472466154205,[0.97974361 0.99687288],0.8949829835909667,0.3436091780662537,0.8190249420077743,[0.89498298 0.98287029]
130,0.9798203496310469,0.31850626120964687,0.9607042641714681,[0.97982035 0.99688853],0.8924283711666239,0.34377624789873756,0.8165094453988896,[0.89242837 0.98307764]
131,0.9800357367733157,0.3184622094035149,0.9610981183886971,[0.98003574 0.99691465],0.8966323618064893,0.34345611731211345,0.8194811315251765,[0.89663236 0.98271892]
132,0.9800934768634596,0.3184333950281143,0.9612515695538517,[0.98009348 0.9969348 ],0.8925880413370633,0.34360329508781434,0.8171798185356978,[0.89258804 0.98317439]
133,0.9802384041823954,0.3184023661414782,0.9615111134960433,[0.9802384  0.99695319],0.893450107960675,0.3436919609705607,0.8167354966043523,[0.89345011 0.98276336]
134,0.9803706508609772,0.3183684911330541,0.961757700176654,[0.98037065 0.99697302],0.8923395684421461,0.34366903503735863,0.8167542326149023,[0.89233957 0.98319379]
135,0.9804253228454547,0.3183496843775113,0.9619064364550876,[0.98042532 0.9969874 ],0.8943800681862404,0.34380118052164715,0.816490844491908,[0.89438007 0.98271448]
136,0.9805321368078669,0.3183291816711426,0.9620530285403697,[0.98053214 0.99699755],0.8897575541909678,0.34380703369776405,0.8165776658512429,[0.88975755 0.98368094]
137,0.9806696557350453,0.31829089800516763,0.9623430822538446,[0.98066966 0.99702227],0.8948906588829293,0.3436519781748454,0.8174397833435935,[0.89489066 0.98262014]
138,0.9806996347882582,0.31828074842691423,0.9623929388780375,[0.98069963 0.99702766],0.8928222410662454,0.34393014510472614,0.8157828398081174,[0.89282224 0.98279218]
139,0.9808222571653208,0.31825120975573856,0.962619828217132,[0.98082226 0.99704381],0.8939518302625555,0.34383612473805747,0.8168628528696692,[0.89395183 0.9828719 ]
140,0.9808986850327731,0.31821957578261695,0.9628513318152239,[0.98089869 0.99706725],0.8902572997064888,0.34376747806866964,0.815259261247058,[0.8902573  0.98337059]
141,0.9809621626196027,0.318211767077446,0.9628921743208756,[0.98096216 0.9970696 ],0.8938276446652936,0.3437508106231689,0.8176628658414292,[0.89382764 0.98298704]
142,0.9811272719315259,0.31817574381828306,0.9631996206623463,[0.98112727 0.99709029],0.891368726909154,0.3440529783566793,0.8152012621395842,[0.89136873 0.98287721]
143,0.9812400339119199,0.31814863314231234,0.9634204510224038,[0.98124003 0.99710655],0.8921471121432081,0.3439323405424754,0.8158335630127785,[0.89214711 0.98310564]
144,0.9813341156238211,0.31812194049358367,0.9636485580663368,[0.98133412 0.99712773],0.8928717693296551,0.34375242590904237,0.8166747912477739,[0.89287177 0.98313562]
145,0.9813766923970771,0.31810488442579904,0.9637090156628108,[0.98137669 0.99713419],0.8911745455131441,0.34408942659695946,0.8143106050899412,[0.89117455 0.98280211]
146,0.9814146135342886,0.3180984064936638,0.9637766146442491,[0.98141461 0.99713883],0.8920208256932044,0.34403084715207416,0.815220433005097,[0.89202083 0.98277995]
147,0.9815697657802224,0.31806625952323275,0.9640488247257923,[0.98156977 0.99715599],0.8956666147016681,0.34376980861028034,0.817321267809644,[0.89566661 0.98250589]
148,0.9816442612146297,0.31804039438565573,0.9642064179837129,[0.98164426 0.99717395],0.8906659420920068,0.343912676970164,0.8158441533604371,[0.89066594 0.98323197]
149,0.981738294821803,0.3180167834957441,0.9644003861383148,[0.98173829 0.99718945],0.891969123988879,0.34394663174947104,0.8161869888996329,[0.89196912 0.98307423]
150,0.9824412628017535,0.31784787187973657,0.9657442270727241,[0.98244126 0.99729924],0.8932122126640073,0.3438178519407908,0.8172068211714971,[0.89321221 0.98309959]
151,0.9833953014523538,0.3176250906785329,0.9676271194795468,[0.9833953  0.99745356],0.893392783185808,0.344017368555069,0.8152986722555199,[0.89339278 0.98256837]
152,0.9837721419136932,0.3175486990809441,0.9683350072661072,[0.98377214 0.99750749],0.8944757037922068,0.34403432011604307,0.8166876003829854,[0.8944757  0.98264316]
153,0.9839071230291584,0.3175206090013186,0.9686061891014541,[0.98390712 0.99752993],0.8929014759745226,0.34414355556170145,0.8159624696459999,[0.89290148 0.98279254]
154,0.9839020506617665,0.3175151506066322,0.968608999856877,[0.98390205 0.99753212],0.8916400896884417,0.34410133759180705,0.8152915220890287,[0.89164009 0.98286139]
155,0.9839088638689126,0.31751820782820384,0.9685841705491286,[0.98390886 0.99752547],0.8922253734069724,0.3441897948582967,0.8150839243040211,[0.89222537 0.98270797]
156,0.9838605127978785,0.3175181390841802,0.9685177845190913,[0.98386051 0.99752732],0.8916209418533306,0.34421263337135316,0.8143047107159501,[0.89162094 0.98272296]
157,0.983886117967924,0.31751256257295607,0.9685843031273307,[0.98388612 0.9975298 ],0.8897607044527344,0.34439449111620585,0.8130240349459138,[0.8897607  0.98267104]
158,0.9839949995672307,0.3174870862563451,0.9687835371932069,[0.983995   0.99754551],0.8921162889873068,0.3443037728468577,0.8140310476014387,[0.89211629 0.9827058 ]
159,0.9840649871443289,0.3174674724539121,0.9689282653777392,[0.98406499 0.99755764],0.8905823037399517,0.34429120818773906,0.814333765626458,[0.8905823  0.98283722]
160,0.9841428114072814,0.31744988352060316,0.9690875741444733,[0.98414281 0.99756945],0.8931390567453295,0.34427655935287477,0.8151295398130601,[0.89313906 0.98250037]
161,0.9842116069325285,0.31743332743644714,0.9692005678908574,[0.98421161 0.99757975],0.890303917427654,0.3443391660849253,0.8139164619088926,[0.89030392 0.98292146]
162,0.9842809313712045,0.3174188444018364,0.96934081690374,[0.98428093 0.99758896],0.8937550078419633,0.34437252481778463,0.8151361540990198,[0.89375501 0.98229802]
163,0.9843196646767888,0.31741012265284857,0.9693920752792845,[0.98431966 0.99759257],0.8916347062675762,0.3443774441878001,0.8138950293111139,[0.89163471 0.98255844]
164,0.9843395707289866,0.3173967518409093,0.969445633614992,[0.98433957 0.99760098],0.8924815261814232,0.34431832234064735,0.8147656584551269,[0.89248153 0.98263133]
165,0.9843940277110136,0.3173790982365608,0.9695722790370862,[0.98439403 0.9976129 ],0.8886724893271889,0.34451115926106773,0.8121841301658314,[0.88867249 0.98286008]
166,0.9845235641416944,0.3173571279644966,0.9697990319924742,[0.98452356 0.99762752],0.8915693568126339,0.3444551289081573,0.8143165743806582,[0.89156936 0.98282248]
167,0.9845537755494352,0.31734849741061527,0.9698795133889704,[0.98455378 0.99763377],0.8906477680767679,0.34451765815416974,0.8134977119986765,[0.89064777 0.98262413]
168,0.9845994706428933,0.3173397507270177,0.9699376526637519,[0.98459947 0.9976362 ],0.8914066273450973,0.34441398580869037,0.8138158834074474,[0.89140663 0.98255258]
169,0.9846318084366684,0.31732908497254053,0.970017874288232,[0.98463181 0.99764277],0.8910804751626553,0.34452048341433206,0.813195102870612,[0.89108048 0.98257022]
170,0.9846910887642757,0.31731521914402644,0.9701213399555904,[0.98469109 0.99765173],0.892067667882214,0.3445695439974467,0.8135671357320777,[0.89206767 0.98245786]
171,0.9847481435061402,0.31730347524086633,0.9702116709268516,[0.98474814 0.99765834],0.8902894642095646,0.3444852670033773,0.8137459107479615,[0.89028946 0.98272556]
172,0.9847948758387371,0.31728784074385963,0.9703317848353252,[0.98479488 0.99766873],0.8900044482137713,0.344537760814031,0.8124438137615885,[0.89000445 0.98266825]
173,0.9848651444541581,0.31727508425712586,0.970445163935287,[0.98486514 0.9976756 ],0.8907795887739014,0.34447051882743834,0.8134896678920296,[0.89077959 0.9826806 ]
174,0.984855838094284,0.3172680869698524,0.9704583245379985,[0.98485584 0.99768078],0.889671196105211,0.3445900917053223,0.8134960902978049,[0.8896712  0.98279125]
175,0.9848943371138529,0.31725948095321654,0.970524184284435,[0.98489434 0.99768449],0.8904194743090096,0.34447845617930095,0.8138483645389158,[0.89041947 0.98275694]
176,0.9849049185638703,0.31725474645694096,0.9705557072050908,[0.98490492 0.99768904],0.8893106807998314,0.34460798899332684,0.8127808186435401,[0.88931068 0.98282691]
177,0.9849671139482075,0.31723431954781217,0.9706731775384715,[0.98496711 0.99770216],0.8924612627924376,0.3445765892664591,0.8147292234816875,[0.89246126 0.98248604]
178,0.9850444572970671,0.3172231709957123,0.9708053839617473,[0.98504446 0.99770707],0.8900331123403586,0.34460816184679666,0.8124191052430507,[0.89003311 0.98273376]
179,0.9850860613750636,0.31721476902564366,0.9708846616907791,[0.98508606 0.99771233],0.8909317185954232,0.3445267657438914,0.8135585652314367,[0.89093172 0.98256421]
180,0.9851004125575177,0.31720494508743285,0.9709312170950959,[0.98510041 0.99772014],0.8892423469132453,0.3446703374385834,0.8118801380902826,[0.88924235 0.98278384]
181,0.9851274759827734,0.3171975040435791,0.970973733895662,[0.98512748 0.9977229 ],0.8885468887300496,0.3446488400300344,0.8120429147424644,[0.88854689 0.98287565]
182,0.9851768433941771,0.3171882446606954,0.97107490543665,[0.98517684 0.99772929],0.8899666078491136,0.3445524195830027,0.8125119908885149,[0.88996661 0.98276369]
183,0.9851926528399065,0.31718185206254323,0.971091385812515,[0.98519265 0.99773132],0.8900344114204335,0.34470100204149884,0.8132183987332233,[0.89003441 0.9826767 ]
184,0.985246879764849,0.317171256740888,0.9711775999300905,[0.98524688 0.99773592],0.8892150599074696,0.3447121779123942,0.8125137775575034,[0.88921506 0.98270369]
185,0.9852695128931166,0.3171632691224416,0.9712282783811903,[0.98526951 0.99774095],0.8901132742521332,0.34464943408966064,0.8131643118173908,[0.89011327 0.98264046]
186,0.9853022376107873,0.31715549717346825,0.9712895641677519,[0.98530224 0.99774549],0.8907090147483921,0.3446593145529429,0.8131080845763907,[0.89070901 0.98268326]
187,0.9853555813260522,0.3171468977133433,0.9714015903333018,[0.98535558 0.99775263],0.891517646106918,0.34463011821111045,0.8131332277392239,[0.89151765 0.98249294]
188,0.9853696667653882,0.31713480432828267,0.9714467020767114,[0.98536967 0.99776056],0.8896715599544385,0.3447071651617686,0.8127011478731804,[0.88967156 0.98265051]
189,0.9854086515839213,0.317128910223643,0.9715057667154263,[0.98540865 0.99776329],0.8910786841069959,0.34469907681147255,0.8137728105292396,[0.89107868 0.98257384]
190,0.9854680750218936,0.3171189737319946,0.9716204776460372,[0.98546808 0.99776834],0.8895925740130399,0.34475783109664915,0.8122490918216939,[0.88959257 0.98269419]
191,0.9854857152855103,0.31710752328236896,0.9716540989176088,[0.98548572 0.99777603],0.8892739939603502,0.3447104354699453,0.8124255891151388,[0.88927399 0.98266947]
192,0.9854778260930736,0.317102052072684,0.9716635192335343,[0.98547783 0.99777959],0.889324752152226,0.34477607210477196,0.8116286283906503,[0.88932475 0.98254176]
193,0.9854994369327619,0.317103783984979,0.9716808789347736,[0.98549944 0.99777718],0.8906725640128301,0.34465867280960083,0.8130734378687942,[0.89067256 0.98253745]
194,0.9855570519200774,0.31709342191616696,0.9717891467779731,[0.98555705 0.99778461],0.8903498956582123,0.34468284249305725,0.813058508759454,[0.8903499  0.98267044]
195,0.9855865023997927,0.3170822102824847,0.9718618976852215,[0.9855865  0.99779134],0.890368330161532,0.3446818768978119,0.8125998506483275,[0.89036833 0.98259142]
196,0.9856092297677372,0.3170721368988355,0.9719147134025422,[0.98560923 0.99779794],0.8887550239103141,0.34483802318573,0.8113623992402663,[0.88875502 0.98263321]
197,0.9856383829389089,0.3170666808883349,0.9719708612222119,[0.98563838 0.99780049],0.8903805402320837,0.344734795888265,0.8128434939166428,[0.89038054 0.98256182]
198,0.9856720912534849,0.3170582823952039,0.972038482122705,[0.98567209 0.99780623],0.8875260514614939,0.34484079281489055,0.81085507014777,[0.88752605 0.98276589]
199,0.9857029382940783,0.31705389191706973,0.9720796161331058,[0.98570294 0.99780731],0.8913309982891611,0.3447376986344655,0.8129295187403704,[0.891331   0.98238659]
